{"cameraMode":{"drawMode":0,"name":"Shaded","section":"Shading Mode"},"sceneLighting":true,"audioPlay":false,"sceneViewState":{"showFog":true,"showMaterialUpdate":false,"showSkybox":true,"showFlares":true,"showImageEffects":true,"showParticleSystems":true},"in2DMode":false,"pivot":{"x":2.964700698852539,"y":1.9417428970336915,"z":-0.14147035777568818},"rotation":{"x":-0.0021013428922742607,"y":-0.713654637336731,"z":-0.0021414412185549738,"w":0.7005003690719605},"size":1.6879637241363526,"orthographic":true}