{"cameraMode":{"drawMode":0,"name":"Shaded","section":"Shading Mode"},"sceneLighting":true,"audioPlay":false,"sceneViewState":{"showFog":true,"showMaterialUpdate":false,"showSkybox":true,"showFlares":true,"showImageEffects":true,"showParticleSystems":true},"in2DMode":false,"pivot":{"x":1.0692639350891114,"y":1.447943925857544,"z":3.409621238708496},"rotation":{"x":0.05349785462021828,"y":-0.13231399655342103,"z":0.007151917088776827,"w":0.9897374510765076},"size":3.3284153938293459,"orthographic":true}