{"cameraMode":{"drawMode":0,"name":"Shaded","section":"Shading Mode"},"sceneLighting":true,"audioPlay":false,"sceneViewState":{"showFog":true,"showMaterialUpdate":false,"showSkybox":true,"showFlares":true,"showImageEffects":true,"showParticleSystems":true},"in2DMode":false,"pivot":{"x":-18.276538848876954,"y":1.8721973896026612,"z":-5.233133792877197},"rotation":{"x":0.05349785462021828,"y":-0.13231399655342103,"z":0.007151917088776827,"w":0.9897374510765076},"size":19.629100799560548,"orthographic":true}