{"cameraMode":{"drawMode":0,"name":"Shaded","section":"Shading Mode"},"sceneLighting":true,"audioPlay":false,"sceneViewState":{"showFog":true,"showMaterialUpdate":false,"showSkybox":true,"showFlares":true,"showImageEffects":true,"showParticleSystems":true},"in2DMode":false,"pivot":{"x":-18.540088653564454,"y":-0.5473846197128296,"z":-14.237687110900879},"rotation":{"x":0.0014861795352771879,"y":0.13489337265491486,"z":0.0002035913203144446,"w":-0.9908631443977356},"size":32.990325927734378,"orthographic":true}