{"cameraMode":{"drawMode":0,"name":"Shaded","section":"Shading Mode"},"sceneLighting":true,"audioPlay":false,"sceneViewState":{"showFog":true,"showMaterialUpdate":false,"showSkybox":true,"showFlares":true,"showImageEffects":true,"showParticleSystems":true},"in2DMode":false,"pivot":{"x":-9.675224304199219,"y":0.3759506940841675,"z":13.782537460327149},"rotation":{"x":0.01209363155066967,"y":-0.9832208752632141,"z":0.07091433554887772,"w":0.16766174137592317},"size":16.27066421508789,"orthographic":true}