{"cameraMode":{"drawMode":0,"name":"Shaded","section":"Shading Mode"},"sceneLighting":true,"audioPlay":false,"sceneViewState":{"showFog":true,"showMaterialUpdate":false,"showSkybox":true,"showFlares":true,"showImageEffects":true,"showParticleSystems":true},"in2DMode":false,"pivot":{"x":0.5924593806266785,"y":1.1429290771484376,"z":3.360039710998535},"rotation":{"x":0.05349785462021828,"y":-0.13231399655342103,"z":0.007151917088776827,"w":0.9897374510765076},"size":0.7964240312576294,"orthographic":true}