{"cameraMode":{"drawMode":0,"name":"Shaded","section":"Shading Mode"},"sceneLighting":true,"audioPlay":false,"sceneViewState":{"showFog":true,"showMaterialUpdate":false,"showSkybox":true,"showFlares":true,"showImageEffects":true,"showParticleSystems":true},"in2DMode":false,"pivot":{"x":-80.3072738647461,"y":2.226186752319336,"z":4.866899013519287},"rotation":{"x":0.002139548771083355,"y":-0.7009257078170776,"z":-0.0021029887720942499,"w":-0.713233232498169},"size":3.541419506072998,"orthographic":true}