{"cameraMode":{"drawMode":0,"name":"Shaded","section":"Shading Mode"},"sceneLighting":true,"audioPlay":false,"sceneViewState":{"showFog":true,"showMaterialUpdate":false,"showSkybox":true,"showFlares":true,"showImageEffects":true,"showParticleSystems":true},"in2DMode":false,"pivot":{"x":10.541048049926758,"y":1.7773412466049195,"z":1.078016757965088},"rotation":{"x":0.0021213546860963108,"y":-0.7071042656898499,"z":0.0021212813444435598,"w":0.707104504108429},"size":0.8789592981338501,"orthographic":true}